{
    "configs": {
        "use_tex": true,
        "show_figs": true,
        "save_figs": true,
        "model": "predict_y_from_piecewise_linear",
        "nbr_parameters": 4,
        "nbr_bins": 81,
        "nbr_warmup": 1000,
        "nbr_samples": 10000,
        "nbr_walkers": 32
    },
    "results": {
        "theta_mean": [
            2.187206179425992,
            1.9521299587468663,
            -173.85754332869692,
            350.67788306657604
        ],
        "theta_max_likelihood": [
            1.9730241974427531,
            3.0966668050399306,
            -176.81895777408417,
            354.41287139902033
        ],
        "goodness_of_fit": 798.5077560762718
    }
}