{
    "configs": {
        "use_tex": true,
        "show_figs": true,
        "save_figs": true,
        "model": "predict_y_from_piecewise_linear",
        "nbr_parameters": 16,
        "nbr_bins": 81,
        "nbr_warmup": 1000,
        "nbr_samples": 10000,
        "nbr_walkers": 32
    },
    "results": {
        "mean_theta": [
            -10.178863179032323,
            105.47858112135722,
            43.50048571664292,
            87.21487392430198,
            -660.8267926728903,
            157.6271889217242,
            1527.6683377297607,
            -2455.865238583817,
            1496.6676904347896,
            -1503.836804392715,
            2312.256935463242,
            -1324.9550759869676,
            -323.4217500608775,
            1271.1244628476704,
            -800.247867488679,
            497.46453190419703
        ],
        "theta_max_likelihood": [
            -9.595614173700667,
            89.72235819663707,
            67.6974344621601,
            77.44847883154728,
            -652.0914682848768,
            155.07981359090627,
            1513.1990802972196,
            -2448.3738868350833,
            1493.314691568286,
            -1465.548297695669,
            2223.1756966370313,
            -1244.755034388645,
            -343.9535914704202,
            1268.6229748083615,
            -829.0794733222999,
            565.3781236194806
        ],
        "goodness_of_fit": 845.0540035027934
    }
}