{
    "configs": {
        "use_tex": true,
        "show_figs": true,
        "save_figs": true,
        "model": "predict_y_from_piecewise_linear",
        "nbr_parameters": 3,
        "nbr_bins": 81,
        "nbr_warmup": 1000,
        "nbr_samples": 10000,
        "nbr_walkers": 32
    },
    "results": {
        "theta_mean": [
            11.646829377861001,
            -69.80671439297622,
            79.00603098724599
        ],
        "theta_max_likelihood": [
            11.630543581048688,
            -69.75644873967136,
            78.70724906661304
        ],
        "goodness_of_fit": 798.5400098252007
    }
}