{
    "configs": {
        "use_tex": true,
        "show_figs": true,
        "save_figs": true,
        "model": "predict_y_from_piecewise_linear",
        "nbr_parameters": 3,
        "nbr_bins": 81,
        "nbr_warmup": 1000,
        "nbr_samples": 10000,
        "nbr_walkers": 32
    },
    "results": {
        "mean_theta": [
            11.658880187745519,
            -69.842858147304,
            78.75559457074618
        ],
        "theta_max_likelihood": [
            11.630525322917395,
            -69.75632609351192,
            78.70698735440892
        ],
        "goodness_of_fit": 798.5399614904547
    }
}