{
    "configs": {
        "use_tex": true,
        "show_figs": true,
        "save_figs": true,
        "model": "predict_y_from_piecewise_linear",
        "nbr_parameters": 4,
        "nbr_bins": 81,
        "nbr_warmup": 1000,
        "nbr_samples": 10000,
        "nbr_walkers": 32
    },
    "results": {
        "mean_theta": [
            1.9928731595562643,
            3.3785941835557214,
            -176.82424381929675,
            352.95990628304975
        ],
        "theta_max_likelihood": [
            1.9730288527698852,
            3.0966545979450064,
            -176.81897726883906,
            354.4129225296921
        ],
        "goodness_of_fit": 798.5072066502796
    }
}