{
    "configs": {
        "use_tex": true,
        "show_figs": true,
        "save_figs": true,
        "model": "predict_y_from_piecewise_linear",
        "nbr_parameters": 6,
        "nbr_bins": 81,
        "nbr_warmup": 1000,
        "nbr_samples": 10000,
        "nbr_walkers": 32
    },
    "results": {
        "mean_theta": [
            -9.824111971649204,
            125.6570806263638,
            -338.6345464915737,
            176.38263176609948,
            -6.2872129750540235,
            354.1443866243912
        ],
        "theta_max_likelihood": [
            -10.129891018138174,
            128.83361996358082,
            -345.19338328139713,
            182.9814918638286,
            -10.607647139995063,
            357.71205321492744
        ],
        "goodness_of_fit": 803.8705528862257
    }
}