{
    "configs": {
        "use_tex": true,
        "show_figs": true,
        "save_figs": true,
        "model": "predict_y_from_piecewise_linear",
        "nbr_parameters": 5,
        "nbr_bins": 81,
        "nbr_warmup": 1000,
        "nbr_samples": 10000,
        "nbr_walkers": 32
    },
    "results": {
        "mean_theta": [
            -1.8025967511871306,
            36.49728133365221,
            -172.49367119720904,
            34.11544415738727,
            371.72531861912694
        ],
        "theta_max_likelihood": [
            -1.9084744131577027,
            37.571916186309295,
            -174.0769150552503,
            35.88381793243441,
            368.6357984288987
        ],
        "goodness_of_fit": 801.5542628675965
    }
}